FILTROS;;;;;;;
;136 Registros;;;;;;
REG;ARQUIVO;CHV_REG;CHV_PAI_FISCAL;CHV_PAI_CONTRIBUICOES;COD_INF;TXT;
0450;09/2025-67903807000105;1BCB1765D525A1896A9624F9551D5362;B847AF404930F95299EFE7E99FFC813B;DD499A78358AA062290DF8F593B9360C;1;VFCPST4,20;
0450;09/2025-67903807000105;74B8B1104DA84E9466801B5FF60BEB66;B847AF404930F95299EFE7E99FFC813B;DD499A78358AA062290DF8F593B9360C;2;Valores Totais FCP ST R 2980;
0450;09/2025-67903807000105;8095B6CAB5B5E8246C054AE9A37F465B;B847AF404930F95299EFE7E99FFC813B;DD499A78358AA062290DF8F593B9360C;3;ICMS RECOLHIDO EM CONTA GRAFICA CONFORME ATO CONCESSORIO N. 22/2016 CONDER , VENDA EFETUADA COM ALIQUOTA ZERO DA CONTRIBUICAO PARA O PIS E DA COFINS CONFORME INCISO XIX DO ART. 1 DA LEI 10.925/2004 , REDUCAO DA BASE DE CALCULO P/ 58.34% ITEM 18 PARTE 2;
0450;09/2025-67903807000105;34A485FBDE5D47DDA305CBA81CB35E5C;B847AF404930F95299EFE7E99FFC813B;DD499A78358AA062290DF8F593B9360C;4;ICMS 12% CONFORME REGIME ESPECIAL EM MG PTA No 45.0000003806-44.,RECUSA/DEVOLUCOES SOMENTE NO ATO DA ENTREGA.NAO NOS RESPONSABILIZAMOS POR PRODUTOS MAL ACONDICIONADO,;
0450;09/2025-67903807000105;7EF135193CEBB6E1DBF09C655AF1C5E2;B847AF404930F95299EFE7E99FFC813B;DD499A78358AA062290DF8F593B9360C;5;ICMS RETIDO NA FONTE POR SUBST. TRIBUTARIA COM BASE: 1.588,91 E VALOR: 165,03 PEDIDO CLIENTE: 187836;
0450;09/2025-67903807000105;027A567A9AD4A9F0A0784A73B473453F;B847AF404930F95299EFE7E99FFC813B;DD499A78358AA062290DF8F593B9360C;6;ICMS RETIDO NA FONTE POR SUBST. TRIBUTARIA COM BASE: 2.741,20 E VALOR: 289,41 PEDIDO CLIENTE: 193814;
0450;09/2025-67903807000105;EDC428C61014CF4761E9ABE4B98C694E;B847AF404930F95299EFE7E99FFC813B;DD499A78358AA062290DF8F593B9360C;7;Total aproximado de tributos federais, estaduais e municipais: R$ 325,16;
0450;09/2025-67903807000105;5C6625A018252442985C8FF51748470E;B847AF404930F95299EFE7E99FFC813B;DD499A78358AA062290DF8F593B9360C;8;PRODUTO NT OU ALIQUOTA ZERO CONF. TIPI;
0450;09/2025-67903807000105;B337C0D634272DA427419C6918D2A018;B847AF404930F95299EFE7E99FFC813B;DD499A78358AA062290DF8F593B9360C;9;FCP:0,00 FCP ST:0,00Valor aproximado dos tributos (Federal R$ 120,73) (Estadual R$ 62,83) (Municipal R$ 0,00) Fonte: IBPT,;
0450;09/2025-67903807000105;28B4AFB543ADCF92780459A1A54AB003;B847AF404930F95299EFE7E99FFC813B;DD499A78358AA062290DF8F593B9360C;10;IPI ALIQUOTA ZERO DECRETO IPI 7212/10. PARA PRODUTOS COM BC ICMS REDUZIDA ART 51 ANEXO II REDUCOES ART 39 RICMS/00.;
0450;09/2025-67903807000105;37A3F0ECBE0CE949AA41D2F64AECEBB6;B847AF404930F95299EFE7E99FFC813B;DD499A78358AA062290DF8F593B9360C;11;No Caso de retorno de mercadoria nao entregue ao destinatario (Art. 453, UNICO RICMS/SP) devera constar declaracao do destinatario/transportador no verso da Danfe do motivo da nao entregue com local, data e identificacao legivel (Carimbo e Assinat)B.C R;
0450;09/2025-67903807000105;B8E0558A016EAB9D125D3B16469A5225;B847AF404930F95299EFE7E99FFC813B;DD499A78358AA062290DF8F593B9360C;12;CONF.ART. 52, INCISO I - RICMS/SP 2000 SECAO II - DA ALIQ (18%), B.C RED.A 12% NAS OP. INTERN CONF ART.39 (PROD. ALIM) DO ANEXO II RICMS/SP - INCISO II-LATICINIOS, No Caso de retorno de mercadoria nao entregue ao destinatario (Art. 453, UNICO RICMS/SP);
0450;09/2025-67903807000105;86CD7B1C211C2A5D0EFCAA93FEBA500F;B847AF404930F95299EFE7E99FFC813B;DD499A78358AA062290DF8F593B9360C;13;,, BASE DE CALCULO REDUZIDA CONFORME ARTIGO 39, ANEXO II RICMS-SP, DECRETO 45.490/2000.BASE DE CALCULO REDUZIDA CONFORME ARTIGO 3, INCISO II DO ANEXO II RICMS-SP, DECRETO 45.490/2000.MERCADORIA SUJEITA AO REGIME DE SUBSTITUICAO TRIBUTARIA  PORTARIA SRE N;
0450;09/2025-67903807000105;83439F92E895F856D2F6A5EDA0BF7CD8;B847AF404930F95299EFE7E99FFC813B;DD499A78358AA062290DF8F593B9360C;14;ART 39 INCISO  XI ANEXO II DO RICMS/SP;
0450;09/2025-67903807000105;4523A7DBF9ECCDD31DF338DCCE4833CE;B847AF404930F95299EFE7E99FFC813B;DD499A78358AA062290DF8F593B9360C;15;Artigo 39, inciso VIII, do Anexo II do RICMS/SP;
0450;09/2025-67903807000105;B64F6A1D857D73E0EBF16204A4D24D1C;B847AF404930F95299EFE7E99FFC813B;DD499A78358AA062290DF8F593B9360C;16;NUM PED INTERNO: 161144 - COD VEND: 000189 - NOME: ALEXANDRE PINHEIRO                       Nas vendas FOB, a responsabilidade do emitente se encerra no ato da entrega das mercadorias na transportadora;
0450;09/2025-67903807000105;6F4FCDA09B1A8BC4646B04C6703A4B20;B847AF404930F95299EFE7E99FFC813B;DD499A78358AA062290DF8F593B9360C;17;11 - I.C.M.S.: ISENTO DO ICMS DE ACORDO ART.8 E ANEXO I, TABELA I, ITEM 21 - IX, REF.AOS ITENS DE SIT.TRIB.040 DECLARACAO DE TRANSACAO COMERCIAL. 13 - I.C.M.S.: ISENTO DO ICMS DE ACORDO ART.8 E ANEXO I,TABELA I,ITEM 21-IX,REF.AOS ITENS DE SIT.TRIB.040 16;
0450;09/2025-67903807000105;98726D8408EAEA3F066EE33995BEDDB2;B847AF404930F95299EFE7E99FFC813B;DD499A78358AA062290DF8F593B9360C;18;MD-5:94DBB831B0F3C67A412EAC4010EC561F Produto c/aliquota 0 p/PIS e COFINSMD-5:94DBB831B0F3C67A412EAC4010EC561F Produto c/aliquota 0 p/PIS e COFINS.;
0450;09/2025-67903807000105;6E999F75A3EF2F464F7EBAB0E276F903;B847AF404930F95299EFE7E99FFC813B;DD499A78358AA062290DF8F593B9360C;19;Isento de ICMS nos termos do art. 36, anexo I - Aprovado pelo Decreto 45.490/2000.;
0450;09/2025-67903807000105;48FB0B6F5F5E11D92D538C1AA15D741F;B847AF404930F95299EFE7E99FFC813B;DD499A78358AA062290DF8F593B9360C;20;DOCUMENTO EMITIDO POR ME OU EPP OPTANTE PELO SIMPLES NACIONAL II NÃO GERA DIREITO A CRÉDITO FISCAL DE IPI. PERMITE APROVEITAMENTO DO CRÉDITO DE ICMS NO VALOR R$7,77 CORRESPONDENTE A ALÍQUOTA DE 2,33% NOS TERMOS DO ART.23 DO LC 123/2006.;
0450;09/2025-67903807000105;7133663986D00A2CE7E8E1942D5D4679;B847AF404930F95299EFE7E99FFC813B;DD499A78358AA062290DF8F593B9360C;21;Pedido: 077557 - Representante: 2F REPRESENTACAO & COMERCIALIZACAO;
0450;09/2025-67903807000105;40ACA3A124DCA72D0BD5D53CF3DCFB50;B847AF404930F95299EFE7E99FFC813B;DD499A78358AA062290DF8F593B9360C;22;0093386016;
0450;09/2025-67903807000105;8C4E8F59535F637FA565628398695BDD;B847AF404930F95299EFE7E99FFC813B;DD499A78358AA062290DF8F593B9360C;23;0093402848;
0450;09/2025-67903807000105;56A14E0939E514EBB150AB936BC82516;B847AF404930F95299EFE7E99FFC813B;DD499A78358AA062290DF8F593B9360C;24;ICMS RETIDO NA FONTE POR SUBST. TRIBUTARIA COM BASE: 2.011,16 E VALOR: 226,53;
0450;09/2025-67903807000105;4C509245B3F72E360239394BA8B9C017;B847AF404930F95299EFE7E99FFC813B;DD499A78358AA062290DF8F593B9360C;25;REDUCAO DE ALIQUOTA ZERO PIS/PASEP/COFINS CONFORME ARTIGO 28, INC III LEI 10865/2004,ISENTO DE ICMS CONFORME ARTIGO 36 ANEXO I, INCISO V DO DECRETO 45.490/2000 DO RICMS/SP.,RECLAMACAO SERA ACEITA SOMENTE NO PRAZO DE 48 HORAS APOS CHEGADA DO PRODUTO;
0450;09/2025-67903807000105;CCA83EEAB16079363EDE7B73AF037A05;B847AF404930F95299EFE7E99FFC813B;DD499A78358AA062290DF8F593B9360C;26;Vlr. aprox. trib. conf. tab. IBPTax v 23.1.D;
0450;09/2025-67903807000105;89953F44F498B64FD011AFE3079B45CE;B847AF404930F95299EFE7E99FFC813B;DD499A78358AA062290DF8F593B9360C;27;ICMS recolhido anteriormente por substituicao tributaria - art. 274 do RICMS-SP. .:: SUPERMERCADO ::. Devolucao somente com autorizacao.Razao Social: SACOLAO CAMPOS ELISEOS.  Canal do Cliente: CANAL ALIMENTAR Imposto Recolhido por Substituicao - Contemp;
0450;09/2025-67903807000105;6BA6D213FBF75FC2C5EB6E1403D0222A;B847AF404930F95299EFE7E99FFC813B;DD499A78358AA062290DF8F593B9360C;28;Base de calculo reduzida, produto da cesta basica conforme o RICMS/SP, Anexo II, art. 3.BASE DE CALCULO REDUZIDA CONFORME ART. 39 ANEXO II DO RICMS/SP.Devolucao somente com autorizacao.Razao Social: SACOLAO CAMPOS ELISEOS.  Canal do Cliente: CANAL VERDE;
0450;09/2025-67903807000105;21B9E98ED597DC060BD6D65418735D29;B847AF404930F95299EFE7E99FFC813B;DD499A78358AA062290DF8F593B9360C;29;ICMS ISENTO CONFORME O ARTIGO 36 DO ANEXO I DO RICMS/SP;
0450;09/2025-67903807000105;596FE88B06E3F4AC96F86292E2A858EB;B847AF404930F95299EFE7E99FFC813B;DD499A78358AA062290DF8F593B9360C;30;Isento de ICMS conforme artigo 8. e anexo I, artigo 36 do RICMS/2000;
0450;09/2025-67903807000105;5D80AC43793394FB9AA5ADB2D93BA1E5;B847AF404930F95299EFE7E99FFC813B;DD499A78358AA062290DF8F593B9360C;31;Isento de ICMS conforme artigo 8 e anexo I, artigo 36 do RICMS/2000/Base de calculo reduzida em 33,33% conforme artigo 8 do RICMS/SP e anexo I artigo 39 (prod. alimentos) do RiCMS/SP;
0450;09/2025-67903807000105;030C716B7421E92FD074E86E98FDD51F;B847AF404930F95299EFE7E99FFC813B;DD499A78358AA062290DF8F593B9360C;32;Reducao base de calculo 66,67% conf art 39, cap 21, item XIV do anexo II do RICMS/SP  Subst Trib Art 313W RICMS/SP NCM 1905.90.90 IVA 41,07% Reducao da Base em 41,67% Conf Anexo II, Art. 3, Inciso XIV do RICMS/SP -  Subst Trib Art 313W RICMS/SP NCM 1905;
0450;09/2025-67903807000105;B75656AC9049AAA463761C1C2688105D;B847AF404930F95299EFE7E99FFC813B;DD499A78358AA062290DF8F593B9360C;33;VALOR DOS TRIBUTOS ESTADUAIS: R$ 30.47  VALOR DOS TRIBUTOS FEDERAIS: R$ 14.27DUVIDAS TRIBUTARIAS, ENVIAR E-MAIL PARA duvidas.tributarias@vigor.com.br ENDERECO PARA ENVIO DE ARQUIVOS XML. E-MAIL: xml.homologacao@vigor.com.brBASE DE CALCULO REDUZIDA CONF.;
0450;09/2025-67903807000105;16E5B77F937498A5152C9B0404790BB9;B847AF404930F95299EFE7E99FFC813B;DD499A78358AA062290DF8F593B9360C;34;NAO SE APLICA A SUBSTITUICAO TRIBUTARIA CONF. ART 264, INC IV DO RICMS/00.VALOR DOS TRIBUTOS ESTADUAIS: R$ 1.02DUVIDAS TRIBUTARIAS, ENVIAR E-MAIL PARA duvidas.tributarias@vigor.com.br ENDERECO PARA ENVIO DE ARQUIVOS XML. E-MAIL: xml.homologacao@vigor.co;
0450;09/2025-67903807000105;3CE7DE6DE1984522083B5C14D8557FE0;B847AF404930F95299EFE7E99FFC813B;DD499A78358AA062290DF8F593B9360C;35;NAO SE APLICA A SUBSTITUICAO TRIBUTARIA CONF. ART 264, INC IV DO RICMS/00.CST           TOTAL   ICMS(%)020          212,71    18,00VALOR DOS TRIBUTOS ESTADUAIS: R$ 201.37DUVIDAS TRIBUTARIAS, ENVIAR E-MAIL PARA duvidas.tributarias@vigor.com.br ENDERECO P;
0450;09/2025-67903807000105;9C6D306FBD30891479B373C280B28D81;B847AF404930F95299EFE7E99FFC813B;DD499A78358AA062290DF8F593B9360C;36;CST           TOTAL   ICMS(%)060          334,06     0,00VALOR DA BASE DE CALCULO: 206.16 - VALOR DO ICMS ST: 13.19DUVIDAS TRIBUTARIAS, ENVIAR E-MAIL PARA duvidas.tributarias@vigor.com.br ENDERECO PARA ENVIO DE ARQUIVOS XML. E-MAIL: xml.homologacao@vigo;
0450;09/2025-67903807000105;E8C5DA697C7880D93A3F5181AB1A9830;B847AF404930F95299EFE7E99FFC813B;DD499A78358AA062290DF8F593B9360C;37;DUVIDAS TRIBUTARIAS, ENVIAR E-MAIL PARA duvidas.tributarias@vigor.com.br ENDERECO PARA ENVIO DE ARQUIVOS XML. E-MAIL: xml.homologacao@vigor.com.brICMS/ST RECOLHIDO ANTECIPADO, ARTIGO 313W DO RICMS/SP.VALOR DA BASE DE CALCULO: 4,251.31 - VALOR DO ICMS ST:;
0450;09/2025-67903807000105;4F6DD27F95270B9325EA5186D92164FA;B847AF404930F95299EFE7E99FFC813B;DD499A78358AA062290DF8F593B9360C;38;VALOR DOS TRIBUTOS ESTADUAIS: R$ 72.90DUVIDAS TRIBUTARIAS, ENVIAR E-MAIL PARA duvidas.tributarias@vigor.com.br ENDERECO PARA ENVIO DE ARQUIVOS XML. E-MAIL: xml.homologacao@vigor.com.brBASE DE CALCULO REDUZIDA CONF. ART 39  INC II DO ANEXO II DO RICMS/00;
0450;09/2025-67903807000105;D01C440ED4BB5DF18D8446FADD5244AB;B847AF404930F95299EFE7E99FFC813B;DD499A78358AA062290DF8F593B9360C;39;ICMS/ST RECOLHIDO ANTECIPADO, ARTIGO 313W DO RICMS/SP.CST           TOTAL   ICMS(%)060           71,12     0,00DUVIDAS TRIBUTARIAS, ENVIAR E-MAIL PARA duvidas.tributarias@vigor.com.br ENDERECO PARA ENVIO DE ARQUIVOS XML. E-MAIL: xml.homologacao@vigor.co;
0450;09/2025-67903807000105;B9F074D22E438756313752816B18D9BA;B847AF404930F95299EFE7E99FFC813B;DD499A78358AA062290DF8F593B9360C;40;CST           TOTAL   ICMS(%)060          406,91     0,00DUVIDAS TRIBUTARIAS, ENVIAR E-MAIL PARA duvidas.tributarias@vigor.com.br ENDERECO PARA ENVIO DE ARQUIVOS XML. E-MAIL: xml.homologacao@vigor.com.brNAO INCIDENCIA DO ICMS CONFORME ACORDO PROFERIDO N;
0450;09/2025-67903807000105;5E020444A7168C8F59FB05957764C541;B847AF404930F95299EFE7E99FFC813B;DD499A78358AA062290DF8F593B9360C;41;NAO SE APLICA A SUBSTITUICAO TRIBUTARIA CONF. ART 264, INC IV DO RICMS/00.CST           TOTAL   ICMS(%)020        1.150,64    18,00VALOR DOS TRIBUTOS ESTADUAIS: R$ 138.07DUVIDAS TRIBUTARIAS, ENVIAR E-MAIL PARA duvidas.tributarias@vigor.com.br ENDERECO P;
0450;09/2025-67903807000105;A3E278AA51F1F035736ABCE0B968871C;B847AF404930F95299EFE7E99FFC813B;DD499A78358AA062290DF8F593B9360C;42;NAO SE APLICA A SUBSTITUICAO TRIBUTARIA CONF. ART 264, INC IV DO RICMS/00.CST           TOTAL   ICMS(%)020        2.408,40    18,00VALOR DOS TRIBUTOS ESTADUAIS: R$ 289.01DUVIDAS TRIBUTARIAS, ENVIAR E-MAIL PARA duvidas.tributarias@vigor.com.br ENDERECO P;
0450;09/2025-67903807000105;A8061CCF15FD4F7CA0D255C6B2902782;B847AF404930F95299EFE7E99FFC813B;DD499A78358AA062290DF8F593B9360C;43;DUVIDAS TRIBUTARIAS, ENVIAR E-MAIL PARA duvidas.tributarias@vigor.com.br ENDERECO PARA ENVIO DE ARQUIVOS XML. E-MAIL: xml.homologacao@vigor.com.brNAO INCIDENCIA DO ICMS CONFORME ACORDO PROFERIDO NOS AUTOS DA ACAO DECLARATORIA N 1020765-88.2015.8.26.0053.;
0450;09/2025-67903807000105;5006B5DB8108E2C936531E23450B5F87;B847AF404930F95299EFE7E99FFC813B;DD499A78358AA062290DF8F593B9360C;44;NAO SE APLICA A SUBSTITUICAO TRIBUTARIA CONF. ART 264, INC IV DO RICMS/00.CST           TOTAL   ICMS(%)020          899,60    18,00VALOR DOS TRIBUTOS ESTADUAIS: R$ 107.95DUVIDAS TRIBUTARIAS, ENVIAR E-MAIL PARA duvidas.tributarias@vigor.com.br ENDERECO P;
0450;09/2025-67903807000105;4A7FC64DE4EA396F8F3D62BB0D1B13F0;B847AF404930F95299EFE7E99FFC813B;DD499A78358AA062290DF8F593B9360C;45;VALOR DOS TRIBUTOS ESTADUAIS: R$ 103.20  VALOR DOS TRIBUTOS FEDERAIS: R$ 70.33DUVIDAS TRIBUTARIAS, ENVIAR E-MAIL PARA duvidas.tributarias@vigor.com.br ENDERECO PARA ENVIO DE ARQUIVOS XML. E-MAIL: xml.homologacao@vigor.com.brREDUCAO DE 33.3333% (CONFORME;
0450;09/2025-67903807000105;B031829AB2B29E721816D662E612ABE6;B847AF404930F95299EFE7E99FFC813B;DD499A78358AA062290DF8F593B9360C;46;CST           TOTAL   ICMS(%)060          337,44     0,00DUVIDAS TRIBUTARIAS, ENVIAR E-MAIL PARA duvidas.tributarias@vigor.com.br ENDERECO PARA ENVIO DE ARQUIVOS XML. E-MAIL: xml.homologacao@vigor.com.brNAO INCIDENCIA DO ICMS CONFORME ACORDO PROFERIDO N;
0450;09/2025-67903807000105;14F961441C7C8152C75343693A54056E;B847AF404930F95299EFE7E99FFC813B;DD499A78358AA062290DF8F593B9360C;47;DUVIDAS TRIBUTARIAS, ENVIAR E-MAIL PARA duvidas.tributarias@vigor.com.br ENDERECO PARA ENVIO DE ARQUIVOS XML. E-MAIL: xml.homologacao@vigor.com.brCST           TOTAL   ICMS(%)060        2.660,49     0,00ICMS/ST RECOLHIDO ANTECIPADO, ARTIGO 313W DO RICMS;
0450;09/2025-67903807000105;EF54360B5CEA83F46DAC9F8CCA8C326A;B847AF404930F95299EFE7E99FFC813B;DD499A78358AA062290DF8F593B9360C;48;CST           TOTAL   ICMS(%)060          380,07     0,00DUVIDAS TRIBUTARIAS, ENVIAR E-MAIL PARA duvidas.tributarias@vigor.com.br ENDERECO PARA ENVIO DE ARQUIVOS XML. E-MAIL: xml.homologacao@vigor.com.brNAO INCIDENCIA DO ICMS CONFORME ACORDO PROFERIDO N;
0450;09/2025-67903807000105;34E698C075F9AA40BF15B873C7F31AA2;B847AF404930F95299EFE7E99FFC813B;DD499A78358AA062290DF8F593B9360C;49;CST           TOTAL   ICMS(%)060          496,80     0,00ICMS/ST RECOLHIDO ANTECIPADO, ARTIGO 313W DO RICMS/SP.VALOR DA BASE DE CALCULO: 343.58 - VALOR DO ICMS ST: 25.73VALOR DOS TRIBUTOS FEDERAIS: R$ 58.95DUVIDAS TRIBUTARIAS, ENVIAR E-MAIL PARA duvidas;
0450;09/2025-67903807000105;341FE27D54C1FE1EA9E1F6229F251C1F;B847AF404930F95299EFE7E99FFC813B;DD499A78358AA062290DF8F593B9360C;50;CST           TOTAL   ICMS(%)060          124,20     0,00VALOR DOS TRIBUTOS FEDERAIS: R$ 1.80DUVIDAS TRIBUTARIAS, ENVIAR E-MAIL PARA duvidas.tributarias@vigor.com.br ENDERECO PARA ENVIO DE ARQUIVOS XML. E-MAIL: xml.homologacao@vigor.com.brNAO INCIDENCIA;
0450;09/2025-67903807000105;A2D9770F49B2FE443D1AFC4028B64E6F;B847AF404930F95299EFE7E99FFC813B;DD499A78358AA062290DF8F593B9360C;51;Imposto Recolhido por Substituicao - Artigo 274 do RICMS (Lei 6.374/89, art.67,Paragrafo 1o., e Ajuste SINIEF-4/93,clausa terceira, na redacao do Ajuste SINIEF-1/94) &841970.00&;
0450;09/2025-67903807000105;66584D924438FA5B02879B2B3D9F723C;B847AF404930F95299EFE7E99FFC813B;DD499A78358AA062290DF8F593B9360C;52;Imposto Recolhido por Substituicao - Artigo 274 do RICMS (Lei 6.374/89, art.67,Paragrafo 1o., e Ajuste SINIEF-4/93,clausa terceira, na redacao do Ajuste SINIEF-1/94) &2920.00&2942.87&2932.68&8577119.43&;
0450;09/2025-67903807000105;433937F3014D77FDF03EA876FFA595FE;B847AF404930F95299EFE7E99FFC813B;DD499A78358AA062290DF8F593B9360C;53;Imposto Recolhido por Substituicao - Artigo 274 do RICMS (Lei 6.374/89, art.67,Paragrafo 1o., e Ajuste SINIEF-4/93,clausa terceira, na redacao do Ajuste SINIEF-1/94) &841940.00&;
0450;09/2025-67903807000105;5C090249B61A1D07BE2344257C0E4628;B847AF404930F95299EFE7E99FFC813B;DD499A78358AA062290DF8F593B9360C;54;Imposto Recolhido por Substituicao - Artigo 274 do RICMS (Lei 6.374/89, art.67,Paragrafo 1o., e Ajuste SINIEF-4/93,clausa terceira, na redacao do Ajuste SINIEF-1/94) &1500.00&9251.61&91216.02&32733.35&;
0450;09/2025-67903807000105;5944AD426E245140999F57B012C878D3;B847AF404930F95299EFE7E99FFC813B;DD499A78358AA062290DF8F593B9360C;55;Imposto Recolhido por Substituicao - Artigo 274 do RICMS (Lei 6.374/89, art.67,Paragrafo 1o., e Ajuste SINIEF-4/93,clausa terceira, na redacao do Ajuste SINIEF-1/94) &841940.00&82372.85&;
0450;09/2025-67903807000105;0C4042CD45741DA73A39BD66EAC8F94E;B847AF404930F95299EFE7E99FFC813B;DD499A78358AA062290DF8F593B9360C;56;Imposto Recolhido por Substituicao - Artigo 274 do RICMS (Lei 6.374/89, art.67,Paragrafo 1o., e Ajuste SINIEF-4/93,clausa terceira, na redacao do Ajuste SINIEF-1/94) &841940.00&82314.50&;
0450;09/2025-67903807000105;903CA53BAC429685F2A25BADCAFD0CA5;B847AF404930F95299EFE7E99FFC813B;DD499A78358AA062290DF8F593B9360C;57;Imposto Recolhido por Substituicao - Artigo 274 do RICMS (Lei 6.374/89, art.67,Paragrafo 1o., e Ajuste SINIEF-4/93,clausa terceira, na redacao do Ajuste SINIEF-1/94) &841990.00&91234.50&31037.81&;
0450;09/2025-67903807000105;809E8473A86FF0F7AD301AD4038D9342;B847AF404930F95299EFE7E99FFC813B;DD499A78358AA062290DF8F593B9360C;58;Imposto Recolhido por Substituicao - Artigo 274 do RICMS (Lei 6.374/89, art.67,Paragrafo 1o., e Ajuste SINIEF-4/93,clausa terceira, na redacao do Ajuste SINIEF-1/94) &857710.00&;
0450;09/2025-67903807000105;52B312E3620C398EA363C1BFFD1B68C7;B847AF404930F95299EFE7E99FFC813B;DD499A78358AA062290DF8F593B9360C;59;Imposto Recolhido por Substituicao - Artigo 274 do RICMS (Lei 6.374/89, art.67,Paragrafo 1o., e Ajuste SINIEF-4/93,clausa terceira, na redacao do Ajuste SINIEF-1/94) &1500.00&823142.14&;
0450;09/2025-67903807000105;4F7574BDD5B73D4BDE697571C718F394;B847AF404930F95299EFE7E99FFC813B;DD499A78358AA062290DF8F593B9360C;60;Imposto Recolhido por Substituicao - Artigo 274 do RICMS (Lei 6.374/89, art.67,Paragrafo 1o., e Ajuste SINIEF-4/93,clausa terceira, na redacao do Ajuste SINIEF-1/94) &1520.00&;
0450;09/2025-67903807000105;CACED76D332AB2E945D5EA8CAA3B26C3;B847AF404930F95299EFE7E99FFC813B;DD499A78358AA062290DF8F593B9360C;61;Imposto Recolhido por Substituicao - Artigo 274 do RICMS (Lei 6.374/89, art.67,Paragrafo 1o., e Ajuste SINIEF-4/93,clausa terceira, na redacao do Ajuste SINIEF-1/94) &2900.00&841996.52&;
0450;09/2025-67903807000105;8AF66ECF763010B1A7FCA6E05136B7FB;B847AF404930F95299EFE7E99FFC813B;DD499A78358AA062290DF8F593B9360C;62;Imposto Recolhido por Substituicao - Artigo 274 do RICMS (Lei 6.374/89, art.67,Paragrafo 1o., e Ajuste SINIEF-4/93,clausa terceira, na redacao do Ajuste SINIEF-1/94) &2920.00&2932.74&2942.78&;
0450;09/2025-67903807000105;0BE91DE5F6D76F9D405B1BF83986A13A;B847AF404930F95299EFE7E99FFC813B;DD499A78358AA062290DF8F593B9360C;63;Imposto Recolhido por Substituicao - Artigo 274 do RICMS (Lei 6.374/89, art.67,Paragrafo 1o., e Ajuste SINIEF-4/93,clausa terceira, na redacao do Ajuste SINIEF-1/94) &3100.00&;
0450;09/2025-67903807000105;FAB5924F0BAD0006F4C08E2C39B9B6B4;B847AF404930F95299EFE7E99FFC813B;DD499A78358AA062290DF8F593B9360C;64;Imposto Recolhido por Substituicao - Artigo 274 do RICMS (Lei 6.374/89, art.67,Paragrafo 1o., e Ajuste SINIEF-4/93,clausa terceira, na redacao do Ajuste SINIEF-1/94) &9410.00&13317.36&;
0450;09/2025-67903807000105;DABFCFA9711288ED703CEC618BDA3809;B847AF404930F95299EFE7E99FFC813B;DD499A78358AA062290DF8F593B9360C;65;Documento emitido por ME ou EPP optante pelo simples nacional, não gera direito a crédito de ISS e IPI, conforme termos do Art.23 da LC 123/2006. Permite o aproveitamento de crédito de ICMS no valor de R$ 0,00 correspondente a alíquota de 1,25%;
0450;09/2025-67903807000105;5AF7C5A7BF71352F95EDD33D4F92091A;B847AF404930F95299EFE7E99FFC813B;DD499A78358AA062290DF8F593B9360C;66;Imposto Recolhido por Substituicao - Artigo 274 do RICMS (Lei 6.374/89, art.67,Paragrafo 1o., e Ajuste SINIEF-4/93,clausa terceira, na redacao do Ajuste SINIEF-1/94) &5100.0100.00& Prod.5100.010 Bs.ST: R$36.29. ST: R$3.27. ICMS: R$3.26.;
0450;09/2025-67903807000105;F4595D0BC5FBF36850C24529DB6FC5AD;B847AF404930F95299EFE7E99FFC813B;DD499A78358AA062290DF8F593B9360C;67;EX. 01 - PRE-MISTURAS PROPRIAS PARA FABRICACAO DE PAO DO TIPO COMUM;
0450;09/2025-67903807000105;6E23D5E0D74B6FF48A29C649EDEC3CDA;B847AF404930F95299EFE7E99FFC813B;DD499A78358AA062290DF8F593B9360C;68;BASE RED.33.33% CONFORME ANEXO II ARTIGO 39 - LEI 6.374/89 DECRETO 49.113/2004 EX. 01 - PRE-MISTURAS PROPRIAS PARA FABRICACAO DE PAO DO TIPO COMUM;
0450;09/2025-67903807000105;DD705A8815089F6E271C77144FB81EB8;B847AF404930F95299EFE7E99FFC813B;DD499A78358AA062290DF8F593B9360C;69;EMPRESA OPTANTE PELO SIMPLES NACIONAL CONFORME LC 123/2006  PERMITE O APROVEITAMENTO DE CREDITO DE ICMS CORRESPONDENTE A ALIQUOTA DE 2,62% NOS TERMOS DO ARTIGO 23 DA LC 123.;
0450;09/2025-67903807000105;FF4350211802D54BC0DC85198B54DEB3;B847AF404930F95299EFE7E99FFC813B;DD499A78358AA062290DF8F593B9360C;70;/ Imp.Rec. por Subst. nos termos do Art.313 do RICMS /;
0450;09/2025-67903807000105;DFFA8C19BEEC3888226BA0C70BEBF126;B847AF404930F95299EFE7E99FFC813B;DD499A78358AA062290DF8F593B9360C;71;PERMITE O APROVEITAMENTO DO CREDITO DE ICMS NO VALOR CORRESPONDENTE DE 3,31%, NOS TERMOS DO ART.23 DA LEI COMPLEMENTAR N 123, DE 2006. (LEI COMPLEMENTAR N 123, DE 2006, ART.23, Â§Â§ 1, 2 E 6, ART.26, Â§ I E Â§ 4);
0450;09/2025-67903807000105;CE812FDD9B6FF8EC71B4A237AC3A18AB;B847AF404930F95299EFE7E99FFC813B;DD499A78358AA062290DF8F593B9360C;72;PERMITE O APROVEITAMENTO DO CREDITO DE ICMS NO VALOR CORRESPONDENTE DE 3,38%, NOS TERMOS DO ART.23 DA LEI COMPLEMENTAR N 123, DE 2006. (LEI COMPLEMENTAR N 123, DE 2006, ART.23, Â§Â§ 1, 2 E 6, ART.26, Â§ I E Â§ 4);
0450;09/2025-67903807000105;03BE2BB3F2341487D13D64772D96E928;B847AF404930F95299EFE7E99FFC813B;DD499A78358AA062290DF8F593B9360C;73;ISENCAO DE ICMS DE ACORDO COM O ART 36 ANEXO I DO RICMS-SP;
0450;09/2025-67903807000105;BB86DFF69B59CDC9173C178E97CEEF16;B847AF404930F95299EFE7E99FFC813B;DD499A78358AA062290DF8F593B9360C;74;Empresa Optante pelo Simples Nacional. Conforme Lei Complementar 147/2014. Valor Aproximado dos Tributos Aliq. 11,46%;
0450;09/2025-67903807000105;37F5619531E76A62DEB68BADDA404C5A;B847AF404930F95299EFE7E99FFC813B;DD499A78358AA062290DF8F593B9360C;75;bonificacao para promocao de loja;
0450;09/2025-67903807000105;ACF058372AAFE52CE401123CDC3F4950;B847AF404930F95299EFE7E99FFC813B;DD499A78358AA062290DF8F593B9360C;76;REDUCAO BASE CALCULO ICMS CONF ART 3 ANEXO II DO RICMSCESTA BASICA REDUCAO BASE DE CALCULO ICMS CONF ART 39ANEXO II DO RICMSP 00 PRODUTOS ALIMENTICIOS ART 54 IIIDO RICMSP00;
0450;09/2025-67903807000105;8A9242FD303DADF8C5A13407286DA31A;B847AF404930F95299EFE7E99FFC813B;DD499A78358AA062290DF8F593B9360C;77;Permite o aproveitamento do credito de ICMS no valor de R$1,25 correspondente a ,aliquota de 12% nos termo do artigo 23 da LC 123/2006.;
0450;09/2025-67903807000105;AAD70A51D562DF9592F2D7C0C9CBD0EA;B847AF404930F95299EFE7E99FFC813B;DD499A78358AA062290DF8F593B9360C;78;Substituicao tributaria recolhida anteriormente, conforme artigo 274, Paragrago ,terceiro do RICMS/SP.;
0450;09/2025-67903807000105;3811E7EDE6D3A2990998FEBF11B75F16;B847AF404930F95299EFE7E99FFC813B;DD499A78358AA062290DF8F593B9360C;79;IMPOSTO RECOLHIDO POR SUBSTITUICAO- ARTIGO 274 DO RICMS/SP;
0450;09/2025-67903807000105;D4F678416C3FD54C8E65F628516794D8;B847AF404930F95299EFE7E99FFC813B;DD499A78358AA062290DF8F593B9360C;80;CRT  3-REGIME NORMAL # NOTA FISCAL SERIE 5 DE 0001  A  5.000# FICA REDUZIDA  A BASE DE CALCULO DO IMPOSTO INCIDENTE NA OPERACAO INTERNA COM QUEIJOS, CONF ART 51 DECRETO 65255 DE 15/10/2020#;
0450;09/2025-67903807000105;E5E4D7375881E8119368D8A9126E8B75;B847AF404930F95299EFE7E99FFC813B;DD499A78358AA062290DF8F593B9360C;81;CRT  3-REGIME NORMAL # NOTA FISCAL SERIE 5 DE 0001  A  5.000# FICA REDUZIDA  A BASE DE CALCULO DO IMPOSTO INCIDENTE NA OPERACAO INTERNA COM QUEIJOS, CONF ART 51 DECRETO 65255 DE 15/10/2020# Imposto Recolhido por Substituicao - Artigo 274 do RICMS (Lei 6;
0450;09/2025-67903807000105;F971259C2C97FA4A22C6459EF264EDCA;B847AF404930F95299EFE7E99FFC813B;DD499A78358AA062290DF8F593B9360C;82;CRT  3-REGIME NORMAL # Imposto Recolhido por Substituicao - Artigo 274 do RICMS (Lei 6.374/89, art.67,Paragrafo 1o., e Ajuste SINIEF-4/93,clausa terceira, na redacao do Ajuste SINIEF-1/94) &701000720.25&;
0450;09/2025-67903807000105;C354033CA0DF5BF619E702573371427F;B847AF404930F95299EFE7E99FFC813B;DD499A78358AA062290DF8F593B9360C;83;CRT  3-REGIME NORMAL # ISENCAO CONFORME ART. 103, ANEXO I, LIVRO VI DO RICMS/SP (2000) E RESPOSTA A CONSULTA 28.132/2023# NF EMITIDA NOS TERMOS DO ART 313W-INCISO I - RICMS/SP# O DESTINAT DEVERA,C/RELACAO AS OPER C/MERCAD OU PREST SERVS RECEB C/IMP RETI;
0450;09/2025-67903807000105;E7E50253BF90057FD209CDFB7DCDB96E;B847AF404930F95299EFE7E99FFC813B;DD499A78358AA062290DF8F593B9360C;84;CRT  3-REGIME NORMAL # ISENCAO CONFORME ART. 103, ANEXO I, LIVRO VI DO RICMS/SP (2000) E RESPOSTA A CONSULTA 28.132/2023# Imposto Recolhido por Substituicao - Artigo 274 do RICMS (Lei 6.374/89, art.67,Paragrafo 1o., e Ajuste SINIEF-4/93,clausa terceira,;
0450;09/2025-67903807000105;6BE97493FF945EB84CFD263827774EDA;B847AF404930F95299EFE7E99FFC813B;DD499A78358AA062290DF8F593B9360C;85;Valor aproximado dos tributos (Federal R$ 80,50) (Estadual R$ 41,90) (Municipal R$ 0,00) Fonte: IBPT,;
0450;09/2025-67903807000105;01B4B11CBD7A1F7651203D4EE2F131D4;B847AF404930F95299EFE7E99FFC813B;DD499A78358AA062290DF8F593B9360C;86;Valor aproximado dos tributos (Federal R$ 136,52) (Estadual R$ 71,05) (Municipal R$ 0,00) Fonte: IBPT,;
0450;09/2025-67903807000105;E95C772604A5F9CA82C4911FCDF5167D;B847AF404930F95299EFE7E99FFC813B;DD499A78358AA062290DF8F593B9360C;87;Valor aproximado dos tributos (Federal R$ 103,86) (Estadual R$ 54,05) (Municipal R$ 0,00) Fonte: IBPT,;
0450;09/2025-67903807000105;5268D738D633235FCDF4E5C992B170B2;B847AF404930F95299EFE7E99FFC813B;DD499A78358AA062290DF8F593B9360C;88;Saida da mercadoria diretamente do deposito: JC MORAES DEPOSITO DE MERCADORIAS LTDA,  no seguinte endereco: RUA S FRANCISCO DE ASSIS, 775, VILA GUEDES - SAO PAULO/SP - CNPJ: 17.215.893/0001-95, I.E.:130.287.122.114 Imposto Recolhido por Substituicao - A;
0450;09/2025-67903807000105;1C2182C2D8763619F4400657DEC94EA0;B847AF404930F95299EFE7E99FFC813B;DD499A78358AA062290DF8F593B9360C;89;Saida da mercadoria diretamente do deposito: JC MORAES DEPOSITO DE MERCADORIAS LTDA,  no seguinte endereco: RUA S FRANCISCO DE ASSIS, 775, VILA GUEDES - SAO PAULO/SP - CNPJ: 17.215.893/0001-95, I.E.:130.287.122.114;
0450;09/2025-67903807000105;3135CA70C7F95EFA1AE9F09F14986BDF;B847AF404930F95299EFE7E99FFC813B;DD499A78358AA062290DF8F593B9360C;90;ISENTO ICMS ART 8O C/C ART. 36 ANEXO I RICMS/SP. PIS E COFINS  ALIQUOTA ZERO ART.28,III - LEI 10.865/2004;
0450;09/2025-67903807000105;BF1550BC6FF22BF259F96D8CE2E21482;B847AF404930F95299EFE7E99FFC813B;DD499A78358AA062290DF8F593B9360C;91;REDUCAO DE BASE DE CALCULO CONFORME INCISO VIII, ART. 3, ANEXO II DO RICMS/SP.;
0450;09/2025-67903807000105;9B998453E641E394BB0D58DB1672A9E1;B847AF404930F95299EFE7E99FFC813B;DD499A78358AA062290DF8F593B9360C;92;REDUCAO DE BC CONF.ART.39 ANEXO II RICMS/SP;
0450;09/2025-67903807000105;E0D500FDD7DCF778701B1B4CC3DD2332;B847AF404930F95299EFE7E99FFC813B;DD499A78358AA062290DF8F593B9360C;93;ITEM 84 DO ANEXO UNICO DA PORTARIA CAT N 43/2023, ALTERADO EM 01/08/2023.;
0450;09/2025-67903807000105;13F3360B510EA2F193D7578C251DD98B;B847AF404930F95299EFE7E99FFC813B;DD499A78358AA062290DF8F593B9360C;94;C93463-336001  RECEBE DAS 7:00 AS 11:00 E DAS 15:00 AS 17:00 ALIQ ZERO CONTRIB PIS E COFINS, LEI N 12.839, DE 09/07/2013- NCM 0203,0206,0207,0209,0210,0506 Boleto acompanha NF;
0450;09/2025-67903807000105;E9B6C7DDB15D14D32359F72CF133B27A;B847AF404930F95299EFE7E99FFC813B;DD499A78358AA062290DF8F593B9360C;95;Tributos aproximados R$: 212,42 Federal/ 224,83 Estadual/ 0,00 Municipal FONTE: IBPT Valor do PIS: R$ 5,57, Valor do COFINS: R$ 25,66 Valor do ICMS-ST: R$ 23,47 Red.Base e Calculo icms Artigo 3 , inciso XVI, do Anexo II do RICMS/S;
0450;09/2025-67903807000105;C8D4249B7DECCE2D20CCEBC72D49312F;B847AF404930F95299EFE7E99FFC813B;DD499A78358AA062290DF8F593B9360C;96;Valores Totais FCP ST R 2322;
0450;09/2025-67903807000105;495BDD0ACADF2E8A9C28FC67EC298B71;B847AF404930F95299EFE7E99FFC813B;DD499A78358AA062290DF8F593B9360C;97;ICMS ISENTO CONF.ART.36 INCISO IX DO ANEXO I DO RICMS/2000-SPNAO INCIDENCIA DO PIS/COFINS CONF. LEI 10.865/2004 CAPITULO XII ART. 28 INCISO III OVOS CAIPIRA PRODUZIDO DE ACORDO COM A NORMA ABNT NBR 16437;
0450;09/2025-67903807000105;39F09E79BEFF57686572972BADD33BD7;B847AF404930F95299EFE7E99FFC813B;DD499A78358AA062290DF8F593B9360C;98;MD-5:94DBB831B0F3C67A412EAC4010EC561F ICMS NAO DESTACADO CONFORME DECISAO JUDICIAL TRANSITADA,EM JULGADO, ACAO ORD. N 1002075-46.2016.8.26.0224/SP,VALOR FRETE:R$ 3,58 ICMS S/FRETE P/SUBS.TRIB.BC.:R$ 3,58 ALIQUOTA.:12% ICMS.:R$0,43 RESP. PGTO IMPOSTO:URB;
0450;09/2025-67903807000105;B0C12FDD23149BB5EC226D6E388F31AB;B847AF404930F95299EFE7E99FFC813B;DD499A78358AA062290DF8F593B9360C;99;MD-5:94DBB831B0F3C67A412EAC4010EC561F RED BC ICMS 33,33% CF ANEXO II ART 39 INC VI - RICMS/SP,RED BC ICMS 33,33% CF ANEXO II ART 39 INC III  RICMS/SP,RED BC ICMS-RICMS-SP, LIVRO VI, ANEXO II, ART.39,  XI,RED ICMS ART. 3, VII CESTA BASICA - RICMS/SP,RED.;
0450;09/2025-67903807000105;ED1C2D38D64B42BF01C4CD8C6A54BF0A;B847AF404930F95299EFE7E99FFC813B;DD499A78358AA062290DF8F593B9360C;100;BASE DE CALCULO REDUZIDA - RICMS-SC/01, ANEXO 2, ART. 12A - CONVENIO ICMS 89/05 - PIS E COFINS ALIQUOTA ZERO - LEI 10.925/2004, ART. 1o, INCISO XIX, ALINEA B - PLACA RWR7E63 - SC * MERCADORIA SERA DISTRIBUIDA POR DE PAULI LOGISTICA E COMERCIO EIRELI - E;
0450;09/2025-67903807000105;E4B59512571A0A3DAAA6CE451FD9C3B7;B847AF404930F95299EFE7E99FFC813B;DD499A78358AA062290DF8F593B9360C;101;ICMS RETIDO NA FONTE POR SUBST. TRIBUTARIA COM BASE: 145,40 E VALOR: 15,14;
0450;09/2025-67903807000105;71334857677882086C0BA3516F7BEEB0;B847AF404930F95299EFE7E99FFC813B;DD499A78358AA062290DF8F593B9360C;102;Trib aprox R$: 356,61 FedFonte: IBPT;
0450;09/2025-67903807000105;F7C9FC7768CBA1F58DC56636EE477C52;B847AF404930F95299EFE7E99FFC813B;DD499A78358AA062290DF8F593B9360C;103;Informacoes Adicionais de Interesse do Fisco: NOS TERMOS NO ARTIGO 23 DA LC 123 PERMITE O APROVEITAMENTO DO CREDITO DE ICMS NO VALOR DE R$ , CORRESPONDENTE A ALIQUOTA DE %, DOCUMENTO EMITIDO POR ME OU EPP OPTANTE PELO SIMPLES NACIONAL. NAO GERA DIREITO A;
0450;09/2025-67903807000105;B2DE6241DD187CEA2577C5F6AD1539E3;B847AF404930F95299EFE7E99FFC813B;DD499A78358AA062290DF8F593B9360C;104;FCP:0,00 FCP ST:0,00Valor aproximado dos tributos (Federal R$ 181,85) (Estadual R$ 94,65) (Municipal R$ 0,00) Fonte: IBPT,;
0450;09/2025-67903807000105;B9CEB83F61AF012F4E246700963B03CE;B847AF404930F95299EFE7E99FFC813B;DD499A78358AA062290DF8F593B9360C;105;FCP:0,00 FCP ST:0,00Valor aproximado dos tributos (Federal R$ 63,37) (Estadual R$ 94,23) (Municipal R$ 0,00) Fonte: IBPT,;
0450;09/2025-67903807000105;8D26EBC2934BB4980E6112F02589B2F8;B847AF404930F95299EFE7E99FFC813B;DD499A78358AA062290DF8F593B9360C;106;Valor Aprox. dos Tributos: R$ 274,74;
0450;09/2025-67903807000105;DE08B0FD4783ADB478812D360D71FFC1;B847AF404930F95299EFE7E99FFC813B;DD499A78358AA062290DF8F593B9360C;107;B.C RED.A 12% NAS OP. INTERN CONF ART.39 (PROD. ALIM) DO ANEXO II RICMS/SP - INCISO II-LATICINIOS, No Caso de retorno de mercadoria nao entregue ao destinatario (Art. 453, UNICO RICMS/SP) devera constar declaracao do destinatario/transportador no verso;
0450;09/2025-67903807000105;9C7937F3139C5EADED9726CF45A4E8CE;B847AF404930F95299EFE7E99FFC813B;DD499A78358AA062290DF8F593B9360C;108;MD-5:94DBB831B0F3C67A412EAC4010EC561F;
0450;09/2025-67903807000105;ABEE5A29B5698EA8092E00319CFEC8DB;B847AF404930F95299EFE7E99FFC813B;DD499A78358AA062290DF8F593B9360C;109;0093433875;
0450;09/2025-67903807000105;408010A19BD9783362767D952340492A;B847AF404930F95299EFE7E99FFC813B;DD499A78358AA062290DF8F593B9360C;110;0093433884;
0450;09/2025-67903807000105;6A9CF27638CB95957AF331DAD991DB92;B847AF404930F95299EFE7E99FFC813B;DD499A78358AA062290DF8F593B9360C;111;VALOR DOS TRIBUTOS ESTADUAIS: R$ 11.97DUVIDAS TRIBUTARIAS, ENVIAR E-MAIL PARA duvidas.tributarias@vigor.com.br ENDERECO PARA ENVIO DE ARQUIVOS XML. E-MAIL: xml.homologacao@vigor.com.brCST           TOTAL   ICMS(%)000           66,48    18,00060;
0450;09/2025-67903807000105;4EF696B7EF091674376B0D7075962130;B847AF404930F95299EFE7E99FFC813B;DD499A78358AA062290DF8F593B9360C;112;CST           TOTAL   ICMS(%)060           99,72     0,00DUVIDAS TRIBUTARIAS, ENVIAR E-MAIL PARA duvidas.tributarias@vigor.com.br ENDERECO PARA ENVIO DE ARQUIVOS XML. E-MAIL: xml.homologacao@vigor.com.brNAO INCIDENCIA DO ICMS CONFORME ACORDO PROFERIDO N;
0450;09/2025-67903807000105;8D35A07FB94016834183576ADED3548A;B847AF404930F95299EFE7E99FFC813B;DD499A78358AA062290DF8F593B9360C;113;VALOR DOS TRIBUTOS ESTADUAIS: R$ 11.97DUVIDAS TRIBUTARIAS, ENVIAR E-MAIL PARA duvidas.tributarias@vigor.com.br ENDERECO PARA ENVIO DE ARQUIVOS XML. E-MAIL: xml.homologacao@vigor.com.brCST           TOTAL   ICMS(%)000           66,48    18,00060        1;
0450;09/2025-67903807000105;714062E2AE758834DF67C6DAF5A46317;B847AF404930F95299EFE7E99FFC813B;DD499A78358AA062290DF8F593B9360C;114;CST           TOTAL   ICMS(%)060          167,88     0,00DUVIDAS TRIBUTARIAS, ENVIAR E-MAIL PARA duvidas.tributarias@vigor.com.br ENDERECO PARA ENVIO DE ARQUIVOS XML. E-MAIL: xml.homologacao@vigor.com.brNAO INCIDENCIA DO ICMS CONFORME ACORDO PROFERIDO N;
0450;09/2025-67903807000105;3E7BC9DDFFCC47D45A0AF308A73270F0;B847AF404930F95299EFE7E99FFC813B;DD499A78358AA062290DF8F593B9360C;115;DUVIDAS TRIBUTARIAS, ENVIAR E-MAIL PARA duvidas.tributarias@vigor.com.br ENDERECO PARA ENVIO DE ARQUIVOS XML. E-MAIL: xml.homologacao@vigor.com.brICMS/ST RECOLHIDO ANTECIPADO, ARTIGO 313W DO RICMS/SP.VALOR DA BASE DE CALCULO: 1,550.48 - VALOR DO ICMS ST:;
0450;09/2025-67903807000105;369B2AFEB9E5DCFA66EA895001ECA63A;B847AF404930F95299EFE7E99FFC813B;DD499A78358AA062290DF8F593B9360C;116;CST           TOTAL   ICMS(%)060          389,82     0,00DUVIDAS TRIBUTARIAS, ENVIAR E-MAIL PARA duvidas.tributarias@vigor.com.br ENDERECO PARA ENVIO DE ARQUIVOS XML. E-MAIL: xml.homologacao@vigor.com.brNAO INCIDENCIA DO ICMS CONFORME ACORDO PROFERIDO N;
0450;09/2025-67903807000105;21B82D60B679408FB1E4AF2CC3AF2D9E;B847AF404930F95299EFE7E99FFC813B;DD499A78358AA062290DF8F593B9360C;117;DUVIDAS TRIBUTARIAS, ENVIAR E-MAIL PARA duvidas.tributarias@vigor.com.br ENDERECO PARA ENVIO DE ARQUIVOS XML. E-MAIL: xml.homologacao@vigor.com.brCST           TOTAL   ICMS(%)060        1.296,12     0,00ICMS/ST RECOLHIDO ANTECIPADO, ARTIGO 313W DO RICMS;
0450;09/2025-67903807000105;E228CD93B3E7A5B34F20AACDD11BDB49;B847AF404930F95299EFE7E99FFC813B;DD499A78358AA062290DF8F593B9360C;118;CST           TOTAL   ICMS(%)060          185,16     0,00DUVIDAS TRIBUTARIAS, ENVIAR E-MAIL PARA duvidas.tributarias@vigor.com.br ENDERECO PARA ENVIO DE ARQUIVOS XML. E-MAIL: xml.homologacao@vigor.com.brNAO INCIDENCIA DO ICMS CONFORME ACORDO PROFERIDO N;
0450;09/2025-67903807000105;D0E3E3665B7E44C8C78A1BAD88D33FCB;B847AF404930F95299EFE7E99FFC813B;DD499A78358AA062290DF8F593B9360C;119;NAO SE APLICA A SUBSTITUICAO TRIBUTARIA CONF. ART 264, INC IV DO RICMS/00.CST           TOTAL   ICMS(%)020        4.014,00    18,00VALOR DOS TRIBUTOS ESTADUAIS: R$ 481.68DUVIDAS TRIBUTARIAS, ENVIAR E-MAIL PARA duvidas.tributarias@vigor.com.br ENDERECO P;
0450;09/2025-67903807000105;D67416523D9C6605FC2BBCDFAC5C97ED;B847AF404930F95299EFE7E99FFC813B;DD499A78358AA062290DF8F593B9360C;120;NAO SE APLICA A SUBSTITUICAO TRIBUTARIA CONF. ART 264, INC IV DO RICMS/00.CST           TOTAL   ICMS(%)020          169,29    18,00VALOR DOS TRIBUTOS ESTADUAIS: R$ 20.31DUVIDAS TRIBUTARIAS, ENVIAR E-MAIL PARA duvidas.tributarias@vigor.com.br ENDERECO PA;
0450;09/2025-67903807000105;6471E79E5797B4115425850384446247;B847AF404930F95299EFE7E99FFC813B;DD499A78358AA062290DF8F593B9360C;121;NAO SE APLICA A SUBSTITUICAO TRIBUTARIA CONF. ART 264, INC IV DO RICMS/00.CST           TOTAL   ICMS(%)020          116,65    18,00VALOR DOS TRIBUTOS ESTADUAIS: R$ 102.33DUVIDAS TRIBUTARIAS, ENVIAR E-MAIL PARA duvidas.tributarias@vigor.com.br ENDERECO P;
0450;09/2025-67903807000105;57B405D4E78DFE5BB9AF6FB9E6001137;B847AF404930F95299EFE7E99FFC813B;DD499A78358AA062290DF8F593B9360C;122;VALOR DOS TRIBUTOS ESTADUAIS: R$ 17.95DUVIDAS TRIBUTARIAS, ENVIAR E-MAIL PARA duvidas.tributarias@vigor.com.br ENDERECO PARA ENVIO DE ARQUIVOS XML. E-MAIL: xml.homologacao@vigor.com.brCST           TOTAL   ICMS(%)000           99,72    18,00060        2;
0450;09/2025-67903807000105;434DB2A2DE22CAAF463C84E4D399638F;B847AF404930F95299EFE7E99FFC813B;DD499A78358AA062290DF8F593B9360C;123;CST           TOTAL   ICMS(%)060          605,02     0,00DUVIDAS TRIBUTARIAS, ENVIAR E-MAIL PARA duvidas.tributarias@vigor.com.br ENDERECO PARA ENVIO DE ARQUIVOS XML. E-MAIL: xml.homologacao@vigor.com.brNAO INCIDENCIA DO ICMS CONFORME ACORDO PROFERIDO N;
0450;09/2025-67903807000105;BEC7F14CB255DC3766FACEA2DCBA0A8F;B847AF404930F95299EFE7E99FFC813B;DD499A78358AA062290DF8F593B9360C;124;CST           TOTAL   ICMS(%)060           71,12     0,00DUVIDAS TRIBUTARIAS, ENVIAR E-MAIL PARA duvidas.tributarias@vigor.com.br ENDERECO PARA ENVIO DE ARQUIVOS XML. E-MAIL: xml.homologacao@vigor.com.brICMS/ST RECOLHIDO ANTECIPADO, ARTIGO 313W DO RICMS;
0450;09/2025-67903807000105;3C7CEA052C298F9891818592C26753B5;B847AF404930F95299EFE7E99FFC813B;DD499A78358AA062290DF8F593B9360C;125;Imposto Recolhido por Substituicao - Artigo 274 do RICMS (Lei 6.374/89, art.67,Paragrafo 1o., e Ajuste SINIEF-4/93,clausa terceira, na redacao do Ajuste SINIEF-1/94) &3100.00&9253.23&32733.57&;
0450;09/2025-67903807000105;6C6375A5EF151A978102F6DB7B975AEA;B847AF404930F95299EFE7E99FFC813B;DD499A78358AA062290DF8F593B9360C;126;Imposto Recolhido por Substituicao - Artigo 274 do RICMS (Lei 6.374/89, art.67,Paragrafo 1o., e Ajuste SINIEF-4/93,clausa terceira, na redacao do Ajuste SINIEF-1/94) &857710.00&2932.65&;
0450;09/2025-67903807000105;39A6BA61EA6D7902C16D8AF0B87AAE70;B847AF404930F95299EFE7E99FFC813B;DD499A78358AA062290DF8F593B9360C;127;BASE CAL. RED CF ART. 3 DO RICMS ANEXO II - ARTIGO 313-W DO RICMS/SP-ANEXO XVII, LEI NO 9.715/98, ARTIGO 8O, INCISO I, LEI NO 9.718/98, ARTIGO 8O - BASE CAL. RED CF ART. 3O DO RICMS ANEXO II;
0450;09/2025-67903807000105;15DF41E469CFEAEE2DCA0ED2F42A602F;B847AF404930F95299EFE7E99FFC813B;DD499A78358AA062290DF8F593B9360C;128;ICMS CONF. ARTIGO 52,INCISO I, DO RICMS/SP - PIS/COFINS CONF. LEI 10865/2004   Valor Total do Pis e Cofins R$ 33,08;
0450;09/2025-67903807000105;29EAADE35B88DC58C6CB5B3DA378D753;B847AF404930F95299EFE7E99FFC813B;DD499A78358AA062290DF8F593B9360C;129;CRT  3-REGIME NORMAL # NF EMITIDA NOS TERMOS DO ART 313W-INCISO I - RICMS/SP# O DESTINAT DEVERA,C/RELACAO AS OPER C/MERCAD OU PREST SERVS RECEB C/IMP RETIDO,ESCRITURAR DOC FISCAL NOS TERMOS ART 278 RICMS# BASE CALC RED EM 33,33% CFE ART 39 ANEXO II RICM;
0450;09/2025-67903807000105;BF493C7FCC7CC799E896D59005813F7D;B847AF404930F95299EFE7E99FFC813B;DD499A78358AA062290DF8F593B9360C;130;Valor aproximado dos tributos (Federal R$ 97,32) (Estadual R$ 50,65) (Municipal R$ 0,00) Fonte: IBPT,;
0450;09/2025-67903807000105;74D0670DE4C2BD59D52C23543A32758D;B847AF404930F95299EFE7E99FFC813B;DD499A78358AA062290DF8F593B9360C;131;Valor aproximado dos tributos (Federal R$ 79,15) (Estadual R$ 41,19) (Municipal R$ 0,00) Fonte: IBPT,;
0450;09/2025-67903807000105;8CE7B0EBBDDAFF059E41B335BFFB09D3;B847AF404930F95299EFE7E99FFC813B;DD499A78358AA062290DF8F593B9360C;132;Substituicao Tributaria Antecipada na Entrada - Base de Calculo R$ 2.374,56 ICMS-ST R$ 383,34 E-mail para solicitacoes de boletos: boletos@grupovalefertil.com.br.;
0450;09/2025-67903807000105;51ED8C9F546158FD5CD26667658630E0;B847AF404930F95299EFE7E99FFC813B;DD499A78358AA062290DF8F593B9360C;133;Substituicao Tributaria Antecipada na Entrada - Base de Calculo R$ 158,30 ICMS-ST R$ 25,56 E-mail para solicitacoes de boletos: boletos@grupovalefertil.com.br.;
0450;09/2025-67903807000105;F3BE91C751DF881B427984C0410D4F63;B847AF404930F95299EFE7E99FFC813B;DD499A78358AA062290DF8F593B9360C;134;C95526-336001  RECEBE DAS 7:00 AS 11:00 E DAS 15:00 AS 17:00 ALIQ ZERO CONTRIB PIS E COFINS, LEI N 12.839, DE 09/07/2013- NCM 0203,0206,0207,0209,0210,0506 Boleto acompanha NF;
0450;09/2025-67903807000105;EE37294AE0B2D7E59E775537E3319605;B847AF404930F95299EFE7E99FFC813B;DD499A78358AA062290DF8F593B9360C;135;BASE DE CALCULO REDUZIDA - RICMS-SC/01, ANEXO 2, ART. 12A - CONVENIO ICMS 89/05 - PIS E COFINS ALIQUOTA ZERO - LEI 10.925/2004, ART. 1o, INCISO XIX, ALINEA B - PLACA QIS7470 - SC * MERCADORIA SERA DISTRIBUIDA POR DE PAULI LOGISTICA E COMERCIO EIRELI - E;
0450;09/2025-67903807000105;DD204E6A9DFC9B3E5757D7EEDCF7DF5C;B847AF404930F95299EFE7E99FFC813B;DD499A78358AA062290DF8F593B9360C;136;ICMS RETIDO NA FONTE POR SUBST. TRIBUTARIA COM BASE: 137,62 E VALOR: 14,33;
